,all_features,selected_features_1,selected_features_2,selected_features_3,selected_features_4,selected_features_5
0,0.5653084150326797,0.3986291486291486,0.3986291486291486,0.3986291486291486,0.3986291486291486,0.3986291486291486
1,0.24752475247524752,0.9207920792079208,0.9207920792079208,0.9207920792079208,0.9207920792079208,0.9207920792079208
2,20.0,1.0,1.0,1.0,1.0,1.0
